[{"Id":1,"Title":"Radio-Canada","Url":"https://ici.radio-canada.ca","Category":"Nouvelles"},{"Id":3,"Title":"Météo Blainville","Url":"https://www.meteomedia.com/ca/meteo/quebec/blainville","Category":"Météo"},{"Id":4,"Title":"Windy.com","Url":"https://www.windy.com/station/madis-c3442?45.765,-73.694,8","Category":"Météo"},{"Id":5,"Title":"NHC","Url":"https://www.nhc.noaa.gov/index.shtml","Category":"Météo"},{"Id":6,"Title":"CNN","Url":"https://www.cnn.com/","Category":"Nouvelles"},{"Id":7,"Title":"Facebook","Url":"https://www.facebook.com/","Category":"Réseaux sociaux"}]