[
    {
        "Id": 1,
        "Name": "Kyle Ross",
        "Phone": "(450) 430-3120",
        "Email": "Kyle.Ross@clg.qc.ca"
    },
    {
        "Id": 2,
        "Name": "Nicolas Chourot",
        "Phone": "(450) 430-3120",
        "Email": "Nicolas.Chourot@clg.qc.ca"
    },
    {
        "Id": 3,
        "Name": "Saliha Yacoub",
        "Phone": "(450) 430-3120",
        "Email": "Saliha.Yacoub@clg.qc.ca"
    },
    {
        "Id": 4,
        "Name": "Stéphane Chassé",
        "Phone": "(450) 430-3120",
        "Email": "Stephane.Chasse@clg.qc.ca"
    },
    {
        "Email": "Patrice.Roy@clg.qc.ca",
        "Id": 5,
        "Name": "Patrice Roy",
        "Phone": "(450) 621-6987"
    },
    {
        "Email": "Luc.Ledoux@clg.qc.ca",
        "Id": 6,
        "Name": "Luc Ledoux",
        "Phone": "(123) 123-1231"
    },
    {
        "Id": 7,
        "Name": "Lina Jabour",
        "Phone": "(123) 123-2312",
        "Email": "Lina.Jabour@clg.qc.ca"
    }
]